Name,Position,Games Played,Minutes,Tries Per 80 Minutes,Try Assists Per 80 Minutes,Try Contributions Per 80 Minutes,Carries Per 80 Minutes,Meters Per 80 Minutes,Defenders Beaten Per 80 Minutes,Linebreaks Per 80 Minutes,Offloads Per 80 Minutes,Tackles Per 80 Minutes,Missed Tackles Per 80 Minutes,Turnovers Won Per 80 Minutes,Turnovers Lost Per 80 Minutes,Penalties Per 80 Minutes,Kicks Per 80 Minutes,Passes Per 80 Minutes,Dominant Tackles Per 80 Minutes
Cullen Grace,Number 8,1,2,0,0,0,0,0,0,0,0,0,0,0,0,0,0,0,0
Brett Cameron,First Five,1,10,0,0,0,8,136,16,8,0,16,0,0,0,0,0,8,0
James Parsons,Hooker,1,11,0,0,0,0,0,0,0,0,0,0,0,7.272727273,0,0,0,0
Aidan Ross,Prop,1,20,0,0,0,8,4,0,0,0,12,4,0,4,4,0,0,0
Dillon Hunt,Openside,1,22,0,0,0,10.90909091,43.63636364,0,3.636363636,0,10.90909091,0,7.272727273,7.272727273,0,0,3.636363636,0
Mitchell Drummond,Halfback,1,22,0,0,0,0,0,0,0,0,10.90909091,0,0,0,0,0,50.90909091,0
Gareth Evans,Blindside,1,27,0,5.925925926,5.925925926,14.81481481,38.51851852,5.925925926,2.962962963,0,8.888888889,0,2.962962963,5.925925926,0,0,8.888888889,0
Alex Hodgman,Prop,2,29,0,0,0,2.75862069,0,0,0,0,24.82758621,2.75862069,0,0,2.75862069,0,0,0
Pita Gus Sowakula,Number 8,2,30,2.666666667,0,0,16,18.66666667,2.666666667,0,0,21.33333333,0,0,5.333333333,5.333333333,0,2.666666667,0
Folau Fakatava,Halfback,2,38,0,0,2.105263158,14.73684211,35.78947368,0,0,2.105263158,0,2.105263158,0,4.210526316,0,2.105263158,105.2631579,0
Josh Ioane,First Five,2,39,0,8.205128205,10.25641026,8.205128205,20.51282051,0,0,0,4.102564103,2.051282051,0,0,2.051282051,0,26.66666667,0
Dallas McLeod,Center,1,41,0,0,0,5.853658537,0,1.951219512,0,0,7.804878049,3.902439024,0,0,0,0,1.951219512,0
Seta Tamanivalu,Center,3,64,0,0,0,12.5,51.25,5,1.25,2.5,11.25,3.75,0,3.75,0,1.25,10,0
Emoni Narawa,Wing,1,80,1,0,0,9,79,2,1,0,11,0,1,0,1,0,2,2
Matt Proctor,Center,1,80,1,0,0,8,50,0,1,1,7,1,0,0,1,0,6,0
Samipeni Finau,Blindside,1,80,1,0,0,19,43,1,0,0,17,2,0,1,2,0,2,3
Shaun Stevenson,Wing,1,80,1,0,0,15,55,1,0,2,9,2,2,2,0,3,6,1
Steven Luatua,Number 8,1,80,1,0,0,11,37,0,2,1,7,0,0,1,2,0,9,0
Stephen Perofeta,First Five,3,83,0,0,0.963855422,9.638554217,48.19277108,0.963855422,0,0.963855422,0.963855422,1.927710843,0,1.927710843,0,1.927710843,8.674698795,0
Roger Tuivasa-Sheck,Second Five,3,91,0,1.758241758,2.637362637,16.7032967,53.62637363,5.274725275,0,4.395604396,11.42857143,1.758241758,0,0,0,0,10.54945055,0
Te Toiroa Tahuriorangi,Halfback,3,97,0.824742268,0.824742268,2.474226804,6.597938144,65.97938144,2.474226804,4.12371134,0,6.597938144,2.474226804,0,1.649484536,0,2.474226804,91.54639175,0
George Moala,Center,3,134,1.194029851,0,0.597014925,8.358208955,62.68656716,2.388059701,1.791044776,1.791044776,5.373134328,1.194029851,0,0.597014925,0,1.194029851,7.76119403,0
Elliot Dixon,Blindside,3,139,0.575539568,0.575539568,0.575539568,9.208633094,63.30935252,1.726618705,2.877697842,0.575539568,8.633093525,0,0,0.575539568,0.575539568,0,5.179856115,0
Tawera Kerr-Barlow,Halfback,7,139,0.575539568,1.726618705,5.179856115,6.90647482,23.5971223,0.575539568,0.575539568,0,9.784172662,0.575539568,0.575539568,1.726618705,0.575539568,9.784172662,80,0
Jackson Hemopo,Lock,5,149,0,0,0,6.44295302,12.34899329,0.536912752,0.536912752,0.536912752,9.66442953,0.536912752,1.073825503,0.536912752,2.147651007,0,3.22147651,0
Tim Perry,Prop,6,149,0,0,0,3.22147651,1.073825503,0,0,0,12.88590604,1.610738255,0,0,1.610738255,0,1.610738255,0
Atu Moli,Prop,4,153,0,0,0,5.22875817,7.843137255,0,0,0,13.07189542,2.614379085,0,1.045751634,0.522875817,0,1.045751634,0
Josh Lord,Lock,4,175,0,0,0,6.4,12.34285714,0.457142857,0,0.457142857,6.857142857,0.457142857,0,0.914285714,1.371428571,0,3.2,0
Asafo Aumua,Hooker,6,188,0.85106383,0,0,14.04255319,47.23404255,1.276595745,0,0.425531915,9.361702128,0.85106383,0,0.425531915,0.425531915,0,4.680851064,0
Cam Roigard,Halfback,5,190,1.684210526,2.526315789,6.315789474,16,91.36842105,10.94736842,2.947368421,0.421052632,6.315789474,1.263157895,0.421052632,2.105263158,0.421052632,3.789473684,79.57894737,0
Liam Coltman,Hooker,8,222,0,0,0,5.045045045,24.14414414,1.081081081,0,0,13.33333333,0,0,0.720720721,0.36036036,0,1.441441441,0
Tamaiti Williams,Prop,8,223,0.358744395,0,0,5.022421525,8.968609865,1.434977578,0,0,7.174887892,1.076233184,0,0.717488789,1.076233184,0,3.228699552,1.076233184
Nathan Harris,Hooker,18,249,0.321285141,0.321285141,0.642570281,2.891566265,10.2811245,0.321285141,0.321285141,0,11.24497992,2.570281124,0.321285141,0,0.321285141,0.321285141,2.570281124,0
Nehe Milner-Skudder,Wing,5,293,1.092150171,0.273037543,0.273037543,10.37542662,90.92150171,3.549488055,3.276450512,0.819112628,2.730375427,0.546075085,0,1.638225256,0,0.819112628,6.552901024,0
Braydon Ennor,Center,9,312,0.256410256,0.256410256,0.512820513,6.666666667,58.20512821,2.564102564,1.282051282,1.538461538,5.641025641,1.794871795,0,2.051282051,1.025641026,0.769230769,5.897435897,0.512820513
Lima Sopoaga,First Five,15,330,0.242424242,0.727272727,2.909090909,8.96969697,39.51515152,1.454545455,1.454545455,0.242424242,7.757575758,2.181818182,0.242424242,1.454545455,0.242424242,8.727272727,25.93939394,0
Luke Romano,Lock,9,359,0.222841226,0,0.222841226,9.136490251,17.3816156,1.114206128,0,0,9.805013928,1.337047354,0.445682451,1.559888579,0.891364903,0,1.782729805,0
Kane Hames,Prop,9,373,0,0,0.214477212,3.431635389,6.219839142,0,0,0.857908847,10.72386059,0.857908847,0.214477212,0.428954424,2.35924933,0,2.573726542,0
Luke Whitelock,Number 8,6,379,0,0,0.211081794,8.021108179,15.62005277,0,0,0.422163588,10.9762533,1.055408971,0.633245383,0.844327177,0.422163588,0,4.01055409,0
Fletcher Newell,Prop,13,392,0.204081633,0,0,7.142857143,10,0.612244898,0,0.204081633,8.571428571,0.612244898,0.204081633,0,1.428571429,0,2.857142857,0
Brad Weber,Halfback,17,411,1.167883212,1.362530414,3.892944039,5.060827251,51.58150852,0.97323601,1.557177616,0,7.785888078,1.167883212,0,0.97323601,0.194647202,0.778588808,75.52311436,0
Aaron Cruden,First Five,13,430,0,0.558139535,1.674418605,10.04651163,49.6744186,2.23255814,1.11627907,2.976744186,8.186046512,0.744186047,0.186046512,1.674418605,0.372093023,8.372093023,26.60465116,0
Leicester Fainga'anuku,Wing,7,431,0.371229698,0.371229698,0.556844548,15.77726218,81.29930394,4.64037123,1.670533643,1.113689095,5.382830626,1.299303944,0,1.484918794,0.185614849,1.113689095,3.341067285,0
Aaron Smith,Halfback,75,4212,0.284900285,0.911680912,2.716049383,5.318138651,20.55080722,1.177587844,0.949667616,0.417853751,5.451092118,1.38651472,0.189933523,0.911680912,0.436847104,5.147198481,74.75783476,0.132953466
Akira Ioane,Blindside,21,1103,0.072529465,0.14505893,0.362647325,10.8068903,43.88032638,2.973708069,0.652765186,0.14505893,7.615593835,0.797824116,0.580235721,0.652765186,0.942883046,0.14505893,3.84406165,0.29011786
Angus Ta'avao,Prop,23,732,0.327868852,0.109289617,0.109289617,5.136612022,12.34972678,0.655737705,0.109289617,0.327868852,12.56830601,1.092896175,0,0.43715847,1.530054645,0,2.404371585,0.109289617
Anton Lienert-Brown,Second Five,67,3584,0.3125,0.535714286,0.9375,10.40178571,47.79017857,3.125,1.160714286,1.428571429,7.410714286,0.959821429,0.245535714,0.9375,0.46875,0.334821429,7.8125,0.133928571
Ardie Savea,Openside,79,4599,0.400086975,0.365296804,0.504457491,12.75059796,43.81822135,3.165905632,0.661013264,0.991519896,11.25462057,0.626223092,0.695803436,0.695803436,0.608828006,0.121765601,6.888454012,0.243531202
Beauden Barrett,First Five,85,5597,0.485974629,0.757548687,1.529390745,11.92067179,56.74468465,2.815794175,1.100589602,0.900482401,4.302304806,1.314990173,0.2001072,1.586564231,0.328747543,9.033410756,19.3246382,0.042880114
Ben Smith,Fullback,36,2608,0.613496933,0.337423313,0.674846626,9.846625767,70.73619632,4.018404908,2.331288344,1.257668712,3.159509202,0.582822086,0.337423313,1.226993865,0.245398773,1.319018405,8.435582822,0
Brodie Retallick,Lock,62,3994,0.140210315,0.100150225,0.240360541,8.673009514,23.39509264,1.061592389,0.380570856,0.540811217,9.914872308,1.021532298,0.560841262,0.620931397,1.081622434,0.060090135,5.207811718,0.160240361
Caleb Clarke,Wing,17,1136,0.422535211,0.070422535,0.211267606,10.42253521,71.47887324,2.887323944,1.408450704,0.070422535,3.521126761,0.774647887,0.070422535,1.61971831,0.352112676,0.281690141,3.309859155,0.14084507
Charlie Faumuina,Prop,17,532,0.45112782,0.15037594,0.45112782,6.315789474,12.48120301,0.751879699,0.15037594,0.45112782,7.819548872,0.751879699,0.15037594,0.601503759,0.902255639,0.15037594,2.857142857,0
Codie Taylor,Hooker,78,3526,0.408394782,0.181508792,0.317640386,7.419171866,22.41633579,0.907543959,0.680657969,0.249574589,11.0493477,0.998298355,0.272263188,0.726035167,0.476460579,0.045377198,3.33522405,0.090754396
Dalton Papali'i,Openside,31,1522,0.420499343,0.157687254,0.262812089,4.94086728,24.65177398,0.99868594,0.578186597,0.473061761,14.92772668,0.840998686,0.578186597,0.73587385,0.788436268,0,3.153745072,0.525624179
Damian McKenzie,Fullback,46,2421,0.627839736,0.826104915,1.321767865,11.7306898,76.16687319,4.890541099,1.85047501,1.420900454,3.601817431,0.925237505,0.09913259,2.04874019,0.396530359,4.328789756,19.03345725,0.09913259
Dane Coles,Hooker,51,2392,0.568561873,0.334448161,0.568561873,7.79264214,27.42474916,1.304347826,1.170568562,1.003344482,9.765886288,1.003344482,0.334448161,0.635451505,0.735785953,0.200668896,4.581939799,0
David Havili,Second Five,27,1402,0.513552068,0.228245364,0.570613409,9.07275321,46.96148359,2.681883024,0.798858773,0.798858773,7.417974322,1.426533524,0.057061341,1.141226819,0.62767475,1.654778887,6.961483595,0.228245364
Ethan Blackadder,Blindside,10,524,0,0,0.305343511,6.259541985,20.15267176,0.763358779,0.610687023,0.916030534,14.19847328,1.221374046,0.610687023,1.221374046,1.06870229,0,4.427480916,0
Ethan De Groot,Prop,22,1052,0.228136882,0,0.228136882,5.627376426,6.08365019,0.30418251,0.076045627,0.152091255,10.03802281,0.988593156,0.152091255,0.30418251,1.292775665,0,2.433460076,0.152091255
Finlay Christie,Halfback,23,614,0.13029316,1.042345277,3.648208469,5.342019544,33.8762215,0.521172638,0.912052117,0.651465798,7.166123779,1.693811075,0.260586319,1.302931596,0.912052117,2.605863192,88.46905537,0.260586319
George Bower,Prop,22,941,0,0,0.08501594,6.546227418,8.67162593,0.425079702,0.170031881,0.170031881,7.991498406,2.210414453,0.170031881,0.170031881,1.105207226,0,1.445270988,0.340063762
George Bridge,Wing,18,1125,0.853333333,0.355555556,0.711111111,11.80444444,93.65333333,2.986666667,2.488888889,0.568888889,3.2,0.711111111,0.213333333,1.351111111,0.142222222,0.426666667,4.408888889,0
Hoskins Sotutu,Number 8,11,501,0.319361277,0.479041916,1.117764471,11.9760479,47.4251497,1.756487026,0.798403194,0.798403194,6.067864271,0.958083832,0,0.638722555,1.437125749,0.319361277,11.01796407,0.319361277
Israel Dagg,Fullback,17,1263,0.760095012,0.253365004,0.63341251,10.19794141,71.95566112,2.470308789,1.773555028,0.950118765,2.470308789,0.760095012,0.190023753,2.026920032,0.316706255,1.90023753,6.650831354,0
Jack Goodhue,Center,15,937,0.256136606,0.170757737,0.597652081,12.37993597,57.37459979,4.354322305,1.451440768,1.280683031,7.684098186,1.024546425,0.256136606,0.768409819,0.512273212,0.512273212,8.964781217,0
Jerome Kaino,Blindside,14,866,0.092378753,0.184757506,0.277136259,7.575057737,29.28406467,0.64665127,0.184757506,0.184757506,10.53117783,1.200923788,0.461893764,0.64665127,0.64665127,0,3.233256351,0
Joe Moody,Prop,44,2304,0.138888889,0,0,3.4375,8.888888889,0.3125,0.208333333,0.069444444,11.21527778,1.319444444,0.069444444,0.243055556,1.076388889,0,0.972222222,0
Jordie Barrett,Fullback,54,3415,0.491947291,0.304538799,0.63250366,10.93997072,56.78477306,2.740849195,1.077598829,1.007320644,4.942898975,1.030746706,0.187408492,1.475841874,0.304538799,2.483162518,8.339677892,0.117130307
Julian Savea,Wing,13,918,0.697167756,0.261437908,0.610021786,9.237472767,77.9956427,2.788671024,2.265795207,0.610021786,2.701525054,1.132897603,0.174291939,2.440087146,0.087145969,0.348583878,4.357298475,0
Karl Tuinukuafe,Prop,25,837,0,0.09557945,0.09557945,3.918757467,10.9916368,0.573476703,0.191158901,0.09557945,8.602150538,1.529271207,0.191158901,0.191158901,1.146953405,0,1.720430108,0
Kieran Read,Number 8,43,3356,0.143027414,0.21454112,0.73897497,9.654350417,21.71632896,0.667461263,0.476758045,0.715137068,11.17997616,1.382598331,0.476758045,0.929678188,0.882002384,0.047675805,7.3659118,0
Liam Squire,Blindside,23,1185,0.270042194,0.135021097,0.135021097,9.181434599,38.8185654,1.552742616,0.810126582,0.337552743,10.93670886,0.945147679,0.135021097,0.742616034,0.742616034,0,1.890295359,0
Luke Jacobson,Number 8,18,763,0.524246396,0.209698558,0.733944954,10.27522936,40.99606815,1.25819135,0.943643512,1.048492792,11.11402359,0.733944954,0.419397117,0.838794233,0.629095675,0,7.758846658,0.629095675
Malakai Fekitoa,Center,11,657,0.487062405,0.243531202,0.730593607,10.83713851,59.9086758,1.704718417,1.217656012,1.704718417,6.575342466,0.852359209,0.608828006,2.070015221,0.487062405,0.97412481,9.01065449,0
Mark Telea,Wing,9,702,0.683760684,0.341880342,0.341880342,15.4985755,90.71225071,7.749287749,2.165242165,1.253561254,4.558404558,1.367521368,0.341880342,1.025641026,0.797720798,0.227920228,3.532763533,0.341880342
Matt Todd,Openside,22,773,0.310478655,0,0.413971539,8.382923674,24.83829237,1.138421734,1.138421734,0.827943079,15.42043984,0.827943079,0.931435964,0.827943079,0.724450194,0,4.864165589,0
Nepo Laulala,Prop,48,2377,0,0,0.033655869,5.216659655,4.846445099,0.235591081,0,0.168279344,6.899453092,1.649137568,0.134623475,0.437526294,0.908708456,0,1.716449306,0.134623475
Ngani Laumape,Second Five,14,659,0.971168437,0.364188164,0.606980273,10.07587253,63.85432473,3.034901366,1.820940819,0.606980273,7.162367223,0.849772382,0.121396055,1.335356601,0.121396055,0.728376328,7.526555387,0
Ofa Tu'ungafasi,Prop,54,1718,0.046565774,0,0.093131548,9.033760186,8.894062864,0.279394645,0,0.186263097,9.545983702,2.142025611,0.55878929,0.791618161,1.67636787,0,3.02677532,0.093131548
Owen Franks,Prop,30,1499,0,0,0.106737825,4.376250834,2.988659106,0.106737825,0.053368913,0.160106738,11.31420947,1.761174116,0.053368913,0.480320213,1.22748499,0,1.547698466,0
Patrick Tuipulotu,Lock,33,1314,0.304414003,0.182648402,0.304414003,7.671232877,23.19634703,1.339421613,0.426179604,0.608828006,7.914764079,1.03500761,0.182648402,1.339421613,0.487062405,0,3.835616438,0.060882801
Quinn Tupaea,Second Five,14,636,0.251572327,0.503144654,1.006289308,13.20754717,75.8490566,3.018867925,0.628930818,1.257861635,7.044025157,1.509433962,0.251572327,1.006289308,0.503144654,0.125786164,6.540880503,0.125786164
Richie Mo'unga,First Five,53,3065,0.208809135,0.574225122,1.461663948,9.292006525,46.32952692,3.628058728,0.756933116,0.965742251,5.820554649,1.278955954,0.13050571,1.200652529,0.261011419,5.611745514,22.10766721,0.13050571
Rieko Ioane,Wing,67,4705,0.578108395,0.289054198,0.510095643,8.858660999,75.64718385,3.40063762,1.666312434,1.037194474,4.862911796,1.156216791,0.170031881,1.173219979,0.459086079,0.051009564,5.032943677,0.102019129
Ryan Crotty,Second Five,33,1953,0.409626216,0.122887865,0.860215054,8.315412186,41.65898618,2.130056324,1.187916027,0.614439324,8.888888889,1.187916027,0.24577573,0.778289811,0.24577573,0.286738351,8.602150538,0
Sam Cane,Openside,61,3757,0.106467927,0.063880756,0.212935853,7.367580516,13.64918818,0.447165291,0.276816609,0.787862656,14.01117913,1.618312483,0.745275486,0.745275486,0.68139473,0.042587171,6.494543519,0.255523024
Sam Whitelock,Lock,78,5448,0.044052863,0,0.073421439,6.534508076,9.427312775,0.455212922,0.102790015,0.33773862,11.55653451,0.792951542,0.381791483,0.367107195,0.792951542,0.014684288,3.700440529,0.190895742
Samisoni Taukei'aho,Hooker,30,1064,0.751879699,0.07518797,0.30075188,18.79699248,35.71428571,3.007518797,0.22556391,0.827067669,11.27819549,1.052631579,0.22556391,1.127819549,0.827067669,0,3.458646617,1.052631579
Scott Barrett,Lock,67,3714,0.150780829,0.064620355,0.172320948,7.560581583,15.14270328,0.71082391,0.258481422,0.366182014,9.779213786,1.098546042,0.409262251,0.624663436,0.861604739,0,4.717285945,0.236941303
Sevu Reece,Wing,23,1608,0.746268657,0.099502488,0.149253731,8.308457711,58.85572139,3.28358209,1.84079602,0.995024876,5.074626866,1.243781095,0.199004975,1.393034826,0.298507463,0.39800995,4.328358209,0.049751244
Shannon Frizell,Blindside,30,1609,0.397762585,0.099440646,0.397762585,12.33064015,27.2467371,1.939092604,0.646364201,0.845245494,12.03231821,1.640770665,0.198881293,0.94468614,0.745804848,0,5.270354257,0.397762585
Sonny Bill Williams,Second Five,25,1485,0.215488215,0.430976431,1.077441077,12.17508418,36.04040404,1.454545455,0.861952862,2.747474747,8.781144781,1.616161616,0.430976431,1.292929293,0.7003367,0.592592593,9.373737374,0
TJ Perenara,Halfback,60,1941,0.618238022,0.700669758,2.596599691,6.841834106,34.49768161,1.154044307,1.277691911,0.824317362,6.594538897,1.071612571,0.906749098,1.401339516,0.288511077,3.04997424,79.01081917,0
Tupou Vaa'i,Lock,25,767,0.312907432,0.104302477,0.208604954,12.20338983,27.53585398,1.355932203,0.312907432,0.625814863,8.448500652,0.938722295,0.104302477,1.251629726,0.73011734,0,7.718383312,0.104302477
Tyrel Lomax,Prop,30,1268,0,0,0.063091483,6.813880126,5.804416404,0,0,0.126182965,10.28391167,1.892744479,0.126182965,0.315457413,1.451104101,0,1.324921136,0.189274448
Vaea Fifita,Blindside,11,603,0.265339967,0,0,7.164179104,43.38308458,2.918739635,1.194029851,0.39800995,9.021558872,1.592039801,0.663349917,0.7960199,0.530679934,0,2.255389718,0
Waisake Naholo,Wing,23,1510,0.794701987,0.21192053,0.42384106,10.64900662,83.23178808,4.185430464,2.80794702,0.794701987,4.079470199,1.695364238,0.794701987,1.483443709,0.635761589,0.794701987,4.874172185,0
Will Jordan,Wing,31,2064,1.201550388,0.348837209,0.658914729,10.19379845,82.82945736,2.713178295,2.480620155,0.891472868,5.542635659,0.697674419,0.19379845,1.511627907,0.348837209,1.705426357,6.434108527,0.503875969
Wyatt Crockett,Prop,26,832,0.096153846,0.096153846,0.384615385,4.519230769,7.5,0.096153846,0.192307692,0.576923077,9.326923077,2.307692308,0.192307692,0.480769231,2.307692308,0,3.557692308,0
